{
  "results": {
    "hendrycksTest-high_school_microeconomics": {
      "acc": 0.226890756302521,
      "acc_stderr": 0.027205371538279472,
      "acc_norm": 0.226890756302521,
      "acc_norm_stderr": 0.027205371538279472
    },
    "hendrycksTest-logical_fallacies": {
      "acc": 0.2147239263803681,
      "acc_stderr": 0.03226219377286774,
      "acc_norm": 0.2147239263803681,
      "acc_norm_stderr": 0.03226219377286774
    },
    "hendrycksTest-high_school_statistics": {
      "acc": 0.16203703703703703,
      "acc_stderr": 0.02513045365226846,
      "acc_norm": 0.16203703703703703,
      "acc_norm_stderr": 0.02513045365226846
    },
    "hendrycksTest-high_school_chemistry": {
      "acc": 0.19704433497536947,
      "acc_stderr": 0.027986724666736202,
      "acc_norm": 0.19704433497536947,
      "acc_norm_stderr": 0.027986724666736202
    },
    "hendrycksTest-prehistory": {
      "acc": 0.24074074074074073,
      "acc_stderr": 0.023788583551658533,
      "acc_norm": 0.24074074074074073,
      "acc_norm_stderr": 0.023788583551658533
    },
    "hendrycksTest-management": {
      "acc": 0.24271844660194175,
      "acc_stderr": 0.04245022486384495,
      "acc_norm": 0.24271844660194175,
      "acc_norm_stderr": 0.04245022486384495
    },
    "hendrycksTest-college_computer_science": {
      "acc": 0.23,
      "acc_stderr": 0.04229525846816506,
      "acc_norm": 0.23,
      "acc_norm_stderr": 0.04229525846816506
    },
    "hendrycksTest-moral_scenarios": {
      "acc": 0.23798882681564246,
      "acc_stderr": 0.014242630070574915,
      "acc_norm": 0.23798882681564246,
      "acc_norm_stderr": 0.014242630070574915
    },
    "hendrycksTest-anatomy": {
      "acc": 0.23703703703703705,
      "acc_stderr": 0.03673731683969506,
      "acc_norm": 0.23703703703703705,
      "acc_norm_stderr": 0.03673731683969506
    },
    "hendrycksTest-high_school_geography": {
      "acc": 0.23737373737373738,
      "acc_stderr": 0.0303137105381989,
      "acc_norm": 0.23737373737373738,
      "acc_norm_stderr": 0.0303137105381989
    },
    "hendrycksTest-high_school_us_history": {
      "acc": 0.24509803921568626,
      "acc_stderr": 0.03019028245350195,
      "acc_norm": 0.24509803921568626,
      "acc_norm_stderr": 0.03019028245350195
    },
    "hendrycksTest-college_mathematics": {
      "acc": 0.2,
      "acc_stderr": 0.04020151261036846,
      "acc_norm": 0.2,
      "acc_norm_stderr": 0.04020151261036846
    },
    "hendrycksTest-machine_learning": {
      "acc": 0.3125,
      "acc_stderr": 0.043994650575715215,
      "acc_norm": 0.3125,
      "acc_norm_stderr": 0.043994650575715215
    },
    "hendrycksTest-astronomy": {
      "acc": 0.20394736842105263,
      "acc_stderr": 0.03279000406310052,
      "acc_norm": 0.20394736842105263,
      "acc_norm_stderr": 0.03279000406310052
    },
    "hendrycksTest-college_medicine": {
      "acc": 0.24855491329479767,
      "acc_stderr": 0.03295304696818318,
      "acc_norm": 0.24855491329479767,
      "acc_norm_stderr": 0.03295304696818318
    },
    "hendrycksTest-marketing": {
      "acc": 0.2905982905982906,
      "acc_stderr": 0.029745048572674047,
      "acc_norm": 0.2905982905982906,
      "acc_norm_stderr": 0.029745048572674047
    },
    "hendrycksTest-public_relations": {
      "acc": 0.32727272727272727,
      "acc_stderr": 0.04494290866252091,
      "acc_norm": 0.32727272727272727,
      "acc_norm_stderr": 0.04494290866252091
    },
    "truthfulqa_mc": {
      "mc1": 0.28886168910648713,
      "mc1_stderr": 0.015866346401384308,
      "mc2": 0.4405141381578733,
      "mc2_stderr": 0.01482519157369968
    },
    "hendrycksTest-high_school_macroeconomics": {
      "acc": 0.2358974358974359,
      "acc_stderr": 0.02152596540740873,
      "acc_norm": 0.2358974358974359,
      "acc_norm_stderr": 0.02152596540740873
    },
    "hendrycksTest-abstract_algebra": {
      "acc": 0.27,
      "acc_stderr": 0.044619604333847394,
      "acc_norm": 0.27,
      "acc_norm_stderr": 0.044619604333847394
    },
    "hendrycksTest-formal_logic": {
      "acc": 0.2698412698412698,
      "acc_stderr": 0.03970158273235172,
      "acc_norm": 0.2698412698412698,
      "acc_norm_stderr": 0.03970158273235172
    },
    "arc_challenge": {
      "acc": 0.40102389078498296,
      "acc_stderr": 0.014322255790719869,
      "acc_norm": 0.42662116040955633,
      "acc_norm_stderr": 0.014453185592920293
    },
    "hendrycksTest-high_school_european_history": {
      "acc": 0.22424242424242424,
      "acc_stderr": 0.032568666616811015,
      "acc_norm": 0.22424242424242424,
      "acc_norm_stderr": 0.032568666616811015
    },
    "hendrycksTest-econometrics": {
      "acc": 0.2719298245614035,
      "acc_stderr": 0.04185774424022056,
      "acc_norm": 0.2719298245614035,
      "acc_norm_stderr": 0.04185774424022056
    },
    "hendrycksTest-philosophy": {
      "acc": 0.19614147909967847,
      "acc_stderr": 0.02255244778047802,
      "acc_norm": 0.19614147909967847,
      "acc_norm_stderr": 0.02255244778047802
    },
    "hendrycksTest-human_aging": {
      "acc": 0.33183856502242154,
      "acc_stderr": 0.03160295143776679,
      "acc_norm": 0.33183856502242154,
      "acc_norm_stderr": 0.03160295143776679
    },
    "hendrycksTest-security_studies": {
      "acc": 0.18775510204081633,
      "acc_stderr": 0.02500025603954621,
      "acc_norm": 0.18775510204081633,
      "acc_norm_stderr": 0.02500025603954621
    },
    "hellaswag": {
      "acc": 0.5178251344353715,
      "acc_stderr": 0.004986609542749041,
      "acc_norm": 0.6977693686516631,
      "acc_norm_stderr": 0.004582861219020895
    },
    "hendrycksTest-global_facts": {
      "acc": 0.19,
      "acc_stderr": 0.03942772444036623,
      "acc_norm": 0.19,
      "acc_norm_stderr": 0.03942772444036623
    },
    "hendrycksTest-virology": {
      "acc": 0.29518072289156627,
      "acc_stderr": 0.035509201856896294,
      "acc_norm": 0.29518072289156627,
      "acc_norm_stderr": 0.035509201856896294
    },
    "hendrycksTest-professional_medicine": {
      "acc": 0.20220588235294118,
      "acc_stderr": 0.024398192986654924,
      "acc_norm": 0.20220588235294118,
      "acc_norm_stderr": 0.024398192986654924
    },
    "hendrycksTest-high_school_biology": {
      "acc": 0.23548387096774193,
      "acc_stderr": 0.024137632429337714,
      "acc_norm": 0.23548387096774193,
      "acc_norm_stderr": 0.024137632429337714
    },
    "hendrycksTest-clinical_knowledge": {
      "acc": 0.23018867924528302,
      "acc_stderr": 0.02590789712240817,
      "acc_norm": 0.23018867924528302,
      "acc_norm_stderr": 0.02590789712240817
    },
    "hendrycksTest-college_physics": {
      "acc": 0.2549019607843137,
      "acc_stderr": 0.043364327079931785,
      "acc_norm": 0.2549019607843137,
      "acc_norm_stderr": 0.043364327079931785
    },
    "hendrycksTest-high_school_government_and_politics": {
      "acc": 0.17616580310880828,
      "acc_stderr": 0.027493504244548047,
      "acc_norm": 0.17616580310880828,
      "acc_norm_stderr": 0.027493504244548047
    },
    "hendrycksTest-international_law": {
      "acc": 0.2809917355371901,
      "acc_stderr": 0.04103203830514512,
      "acc_norm": 0.2809917355371901,
      "acc_norm_stderr": 0.04103203830514512
    },
    "hendrycksTest-electrical_engineering": {
      "acc": 0.22758620689655173,
      "acc_stderr": 0.03493950380131184,
      "acc_norm": 0.22758620689655173,
      "acc_norm_stderr": 0.03493950380131184
    },
    "hendrycksTest-jurisprudence": {
      "acc": 0.28703703703703703,
      "acc_stderr": 0.043733130409147614,
      "acc_norm": 0.28703703703703703,
      "acc_norm_stderr": 0.043733130409147614
    },
    "hendrycksTest-business_ethics": {
      "acc": 0.4,