{
  "results": {
    "hendrycksTest-jurisprudence": {
      "acc": 0.3148148148148148,
      "acc_stderr": 0.04489931073591312,
      "acc_norm": 0.3148148148148148,
      "acc_norm_stderr": 0.04489931073591312
    },
    "hendrycksTest-college_physics": {
      "acc": 0.18627450980392157,
      "acc_stderr": 0.03873958714149354,
      "acc_norm": 0.18627450980392157,
      "acc_norm_stderr": 0.03873958714149354
    },
    "hendrycksTest-clinical_knowledge": {
      "acc": 0.2188679245283019,
      "acc_stderr": 0.025447863825108625,
      "acc_norm": 0.2188679245283019,
      "acc_norm_stderr": 0.025447863825108625
    },
    "hendrycksTest-security_studies": {
      "acc": 0.20408163265306123,
      "acc_stderr": 0.02580128347509051,
      "acc_norm": 0.20408163265306123,
      "acc_norm_stderr": 0.02580128347509051
    },
    "hendrycksTest-anatomy": {
      "acc": 0.2518518518518518,
      "acc_stderr": 0.03749850709174021,
      "acc_norm": 0.2518518518518518,
      "acc_norm_stderr": 0.03749850709174021
    },
    "hendrycksTest-high_school_microeconomics": {
      "acc": 0.20168067226890757,
      "acc_stderr": 0.02606431340630453,
      "acc_norm": 0.20168067226890757,
      "acc_norm_stderr": 0.02606431340630453
    },
    "hendrycksTest-college_mathematics": {
      "acc": 0.21,
      "acc_stderr": 0.040936018074033256,
      "acc_norm": 0.21,
      "acc_norm_stderr": 0.040936018074033256
    },
    "hendrycksTest-global_facts": {
      "acc": 0.23,
      "acc_stderr": 0.042295258468165065,
      "acc_norm": 0.23,
      "acc_norm_stderr": 0.042295258468165065
    },
    "hendrycksTest-college_chemistry": {
      "acc": 0.16,
      "acc_stderr": 0.0368452949177471,
      "acc_norm": 0.16,
      "acc_norm_stderr": 0.0368452949177471
    },
    "hendrycksTest-world_religions": {
      "acc": 0.3508771929824561,
      "acc_stderr": 0.036602988340491624,
      "acc_norm": 0.3508771929824561,
      "acc_norm_stderr": 0.036602988340491624
    },
    "hendrycksTest-professional_psychology": {
      "acc": 0.24673202614379086,
      "acc_stderr": 0.017440820367402493,
      "acc_norm": 0.24673202614379086,
      "acc_norm_stderr": 0.017440820367402493
    },
    "hendrycksTest-virology": {
      "acc": 0.27710843373493976,
      "acc_stderr": 0.03484331592680588,
      "acc_norm": 0.27710843373493976,
      "acc_norm_stderr": 0.03484331592680588
    },
    "arc_challenge": {
      "acc": 0.3993174061433447,
      "acc_stderr": 0.014312094557946695,
      "acc_norm": 0.4325938566552901,
      "acc_norm_stderr": 0.014478005694182531
    },
    "hendrycksTest-high_school_chemistry": {
      "acc": 0.2413793103448276,
      "acc_stderr": 0.030108330718011625,
      "acc_norm": 0.2413793103448276,
      "acc_norm_stderr": 0.030108330718011625
    },
    "hendrycksTest-public_relations": {
      "acc": 0.2727272727272727,
      "acc_stderr": 0.04265792110940589,
      "acc_norm": 0.2727272727272727,
      "acc_norm_stderr": 0.04265792110940589
    },
    "hendrycksTest-medical_genetics": {
      "acc": 0.3,
      "acc_stderr": 0.046056618647183814,
      "acc_norm": 0.3,
      "acc_norm_stderr": 0.046056618647183814
    },
    "hendrycksTest-high_school_physics": {
      "acc": 0.2185430463576159,
      "acc_stderr": 0.033742355504256936,
      "acc_norm": 0.2185430463576159,
      "acc_norm_stderr": 0.033742355504256936
    },
    "hendrycksTest-business_ethics": {
      "acc": 0.21,
      "acc_stderr": 0.040936018074033256,
      "acc_norm": 0.21,
      "acc_norm_stderr": 0.040936018074033256
    },
    "hendrycksTest-professional_law": {
      "acc": 0.24771838331160365,
      "acc_stderr": 0.011025499291443735,
      "acc_norm": 0.24771838331160365,
      "acc_norm_stderr": 0.011025499291443735
    },
    "hendrycksTest-high_school_statistics": {
      "acc": 0.2037037037037037,
      "acc_stderr": 0.027467401804057986,
      "acc_norm": 0.2037037037037037,
      "acc_norm_stderr": 0.027467401804057986
    },
    "hendrycksTest-marketing": {
      "acc": 0.2948717948717949,
      "acc_stderr": 0.029872577708891155,
      "acc_norm": 0.2948717948717949,
      "acc_norm_stderr": 0.029872577708891155
    },
    "hendrycksTest-logical_fallacies": {
      "acc": 0.22085889570552147,
      "acc_stderr": 0.03259177392742177,
      "acc_norm": 0.22085889570552147,
      "acc_norm_stderr": 0.03259177392742177
    },
    "hendrycksTest-professional_medicine": {
      "acc": 0.1801470588235294,
      "acc_stderr": 0.023345163616544852,
      "acc_norm": 0.1801470588235294,
      "acc_norm_stderr": 0.023345163616544852
    },
    "hendrycksTest-sociology": {
      "acc": 0.2736318407960199,
      "acc_stderr": 0.031524391865554044,
      "acc_norm": 0.2736318407960199,
      "acc_norm_stderr": 0.031524391865554044
    },
    "hendrycksTest-conceptual_physics": {
      "acc": 0.25957446808510637,
      "acc_stderr": 0.02865917937429232,
      "acc_norm": 0.25957446808510637,
      "acc_norm_stderr": 0.02865917937429232
    },
    "hendrycksTest-human_aging": {
      "acc": 0.3273542600896861,
      "acc_stderr": 0.03149384670994131,
      "acc_norm": 0.3273542600896861,
      "acc_norm_stderr": 0.03149384670994131
    },
    "hendrycksTest-nutrition": {
      "acc": 0.2647058823529412,
      "acc_stderr": 0.025261691219729487,
      "acc_norm": 0.2647058823529412,
      "acc_norm_stderr": 0.025261691219729487
    },
    "hendrycksTest-prehistory": {
      "acc": 0.2808641975308642,
      "acc_stderr": 0.025006469755799204,
      "acc_norm": 0.2808641975308642,
      "acc_norm_stderr": 0.025006469755799204
    },
    "hendrycksTest-miscellaneous": {
      "acc": 0.26436781609195403,
      "acc_stderr": 0.015769984840690518,
      "acc_norm": 0.26436781609195403,
      "acc_norm_stderr": 0.015769984840690518
    },
    "hendrycksTest-high_school_european_history": {
      "acc": 0.26666666666666666,
      "acc_stderr": 0.03453131801885415,
      "acc_norm": 0.26666666666666666,
      "acc_norm_stderr": 0.03453131801885415
    },
    "hendrycksTest-high_school_government_and_politics": {
      "acc": 0.23834196891191708,
      "acc_stderr": 0.030748905363909874,
      "acc_norm": 0.23834196891191708,
      "acc_norm_stderr": 0.030748905363909874
    },
    "hendrycksTest-moral_scenarios": {
      "acc": 0.23798882681564246,
      "acc_stderr": 0.014242630070574915,
      "acc_norm": 0.23798882681564246,
      "acc_norm_stderr": 0.014242630070574915
    },
    "hendrycksTest-abstract_algebra": {
      "acc": 0.22,
      "acc_stderr": 0.04163331998932268,
      "acc_norm": 0.22,
      "acc_norm_stderr": 0.04163331998932268
    },
    "hellaswag": {
      "acc": 0.5777733519219279,
      "acc_stderr": 0.004929048482760454,
      "acc_norm": 0.7629954192391953,
      "acc_norm_stderr": 0.004243760359371335
    },
    "hendrycksTest-astronomy": {
      "acc": 0.26973684210526316,
      "acc_stderr": 0.03611780560284898,
      "acc_norm": 0.26973684210526316,
      "acc_norm_stderr": 0.03611780560284898
    },
    "hendrycksTest-management": {
      "acc": 0.21359223300970873,
      "acc_stderr": 0.040580420156460344,
      "acc_norm": 0.21359223300970873,
      "acc_norm_stderr": 0.040580420156460344
    },
    "hendrycksTest-high_school_biology": {
      "acc": 0.23870967741935484,
      "acc_stderr": 0.024251071262208837,
      "acc_norm": 0.23870967741935484,
      "acc_norm_stderr": 0.024251071262208837
    },
    "hendrycksTest-computer_security": {
      "acc": 0.31,
      "acc_stderr": 0.04648231987117316,
      "acc_norm": 0.31,
      "acc_norm_stderr": 0.04648231987117316
    },
    "hendrycksTest-high_school_computer_science": {
      "acc": 0.27,
      "acc_stderr": 0.04461960433384741,
      "acc_norm": 0.27,