{
  "results": {
    "hendrycksTest-medical_genetics": {
      "acc": 0.56,
      "acc_stderr": 0.04988876515698589,
      "acc_norm": 0.56,
      "acc_norm_stderr": 0.04988876515698589
    },
    "hendrycksTest-human_aging": {
      "acc": 0.5829596412556054,
      "acc_stderr": 0.03309266936071721,
      "acc_norm": 0.5829596412556054,
      "acc_norm_stderr": 0.03309266936071721
    },
    "hendrycksTest-international_law": {
      "acc": 0.5950413223140496,
      "acc_stderr": 0.04481137755942469,
      "acc_norm": 0.5950413223140496,
      "acc_norm_stderr": 0.04481137755942469
    },
    "hendrycksTest-security_studies": {
      "acc": 0.4897959183673469,
      "acc_stderr": 0.03200255347893782,
      "acc_norm": 0.4897959183673469,
      "acc_norm_stderr": 0.03200255347893782
    },
    "hendrycksTest-miscellaneous": {
      "acc": 0.6768837803320562,
      "acc_stderr": 0.016723726512343044,
      "acc_norm": 0.6768837803320562,
      "acc_norm_stderr": 0.016723726512343044
    },
    "hendrycksTest-professional_accounting": {
      "acc": 0.3191489361702128,
      "acc_stderr": 0.027807990141320193,
      "acc_norm": 0.3191489361702128,
      "acc_norm_stderr": 0.027807990141320193
    },
    "hendrycksTest-high_school_macroeconomics": {
      "acc": 0.4128205128205128,
      "acc_stderr": 0.02496268356433181,
      "acc_norm": 0.4128205128205128,
      "acc_norm_stderr": 0.02496268356433181
    },
    "hendrycksTest-world_religions": {
      "acc": 0.6783625730994152,
      "acc_stderr": 0.03582529442573122,
      "acc_norm": 0.6783625730994152,
      "acc_norm_stderr": 0.03582529442573122
    },
    "hendrycksTest-high_school_psychology": {
      "acc": 0.6311926605504588,
      "acc_stderr": 0.02068622756072955,
      "acc_norm": 0.6311926605504588,
      "acc_norm_stderr": 0.02068622756072955
    },
    "hendrycksTest-college_mathematics": {
      "acc": 0.33,
      "acc_stderr": 0.047258156262526045,
      "acc_norm": 0.33,
      "acc_norm_stderr": 0.047258156262526045
    },
    "truthfulqa_mc": {
      "mc1": 0.31701346389228885,
      "mc1_stderr": 0.016289203374403396,
      "mc2": 0.4695583952179355,
      "mc2_stderr": 0.015027424665123438
    },
    "hendrycksTest-conceptual_physics": {
      "acc": 0.35319148936170214,
      "acc_stderr": 0.031245325202761923,
      "acc_norm": 0.35319148936170214,
      "acc_norm_stderr": 0.031245325202761923
    },
    "hendrycksTest-nutrition": {
      "acc": 0.5359477124183006,
      "acc_stderr": 0.02855582751652878,
      "acc_norm": 0.5359477124183006,
      "acc_norm_stderr": 0.02855582751652878
    },
    "hendrycksTest-college_physics": {
      "acc": 0.21568627450980393,
      "acc_stderr": 0.04092563958237655,
      "acc_norm": 0.21568627450980393,
      "acc_norm_stderr": 0.04092563958237655
    },
    "hendrycksTest-us_foreign_policy": {
      "acc": 0.71,
      "acc_stderr": 0.04560480215720684,
      "acc_norm": 0.71,
      "acc_norm_stderr": 0.04560480215720684
    },
    "hendrycksTest-formal_logic": {
      "acc": 0.35714285714285715,
      "acc_stderr": 0.04285714285714281,
      "acc_norm": 0.35714285714285715,
      "acc_norm_stderr": 0.04285714285714281
    },
    "hendrycksTest-high_school_geography": {
      "acc": 0.5505050505050505,
      "acc_stderr": 0.03544132491947969,
      "acc_norm": 0.5505050505050505,
      "acc_norm_stderr": 0.03544132491947969
    },
    "hendrycksTest-management": {
      "acc": 0.6407766990291263,
      "acc_stderr": 0.04750458399041695,
      "acc_norm": 0.6407766990291263,
      "acc_norm_stderr": 0.04750458399041695
    },
    "hendrycksTest-college_chemistry": {
      "acc": 0.38,
      "acc_stderr": 0.04878317312145632,
      "acc_norm": 0.38,
      "acc_norm_stderr": 0.04878317312145632
    },
    "hendrycksTest-abstract_algebra": {
      "acc": 0.26,
      "acc_stderr": 0.0440844002276808,
      "acc_norm": 0.26,
      "acc_norm_stderr": 0.0440844002276808
    },
    "hellaswag": {
      "acc": 0.5627365066719777,
      "acc_stderr": 0.004950347333701827,
      "acc_norm": 0.7402907787293368,
      "acc_norm_stderr": 0.004375788991216849
    },
    "hendrycksTest-college_medicine": {
      "acc": 0.3699421965317919,
      "acc_stderr": 0.0368122963339432,
      "acc_norm": 0.3699421965317919,
      "acc_norm_stderr": 0.0368122963339432
    },
    "hendrycksTest-global_facts": {
      "acc": 0.39,
      "acc_stderr": 0.04902071300001975,
      "acc_norm": 0.39,
      "acc_norm_stderr": 0.04902071300001975
    },
    "hendrycksTest-human_sexuality": {
      "acc": 0.5725190839694656,
      "acc_stderr": 0.04338920305792401,
      "acc_norm": 0.5725190839694656,
      "acc_norm_stderr": 0.04338920305792401
    },
    "hendrycksTest-professional_law": {
      "acc": 0.37353324641460234,
      "acc_stderr": 0.012354994823515273,
      "acc_norm": 0.37353324641460234,
      "acc_norm_stderr": 0.012354994823515273
    },
    "hendrycksTest-public_relations": {
      "acc": 0.4818181818181818,
      "acc_stderr": 0.04785964010794916,
      "acc_norm": 0.4818181818181818,
      "acc_norm_stderr": 0.04785964010794916
    },
    "hendrycksTest-elementary_mathematics": {
      "acc": 0.2671957671957672,
      "acc_stderr": 0.02278967314577656,
      "acc_norm": 0.2671957671957672,
      "acc_norm_stderr": 0.02278967314577656
    },
    "hendrycksTest-electrical_engineering": {
      "acc": 0.42758620689655175,
      "acc_stderr": 0.04122737111370332,
      "acc_norm": 0.42758620689655175,
      "acc_norm_stderr": 0.04122737111370332
    },
    "hendrycksTest-high_school_biology": {
      "acc": 0.5064516129032258,
      "acc_stderr": 0.028441638233540515,
      "acc_norm": 0.5064516129032258,
      "acc_norm_stderr": 0.028441638233540515
    },
    "hendrycksTest-computer_security": {
      "acc": 0.61,
      "acc_stderr": 0.04902071300001975,
      "acc_norm": 0.61,
      "acc_norm_stderr": 0.04902071300001975
    },
    "hendrycksTest-high_school_european_history": {
      "acc": 0.5878787878787879,
      "acc_stderr": 0.03843566993588717,
      "acc_norm": 0.5878787878787879,
      "acc_norm_stderr": 0.03843566993588717
    },
    "hendrycksTest-college_computer_science": {
      "acc": 0.38,
      "acc_stderr": 0.048783173121456316,
      "acc_norm": 0.38,
      "acc_norm_stderr": 0.048783173121456316
    },
    "hendrycksTest-moral_disputes": {
      "acc": 0.47109826589595377,
      "acc_stderr": 0.02687408588351835,
      "acc_norm": 0.47109826589595377,
      "acc_norm_stderr": 0.02687408588351835
    },
    "hendrycksTest-professional_medicine": {
      "acc": 0.41544117647058826,
      "acc_stderr": 0.029935342707877743,
      "acc_norm": 0.41544117647058826,
      "acc_norm_stderr": 0.029935342707877743
    },
    "hendrycksTest-high_school_mathematics": {
      "acc": 0.2777777777777778,
      "acc_stderr": 0.027309140588230186,
      "acc_norm": 0.2777777777777778,
      "acc_norm_stderr": 0.027309140588230186
    },
    "hendrycksTest-high_school_us_history": {
      "acc": 0.6568627450980392,
      "acc_stderr": 0.03332139944668086,
      "acc_norm": 0.6568627450980392,
      "acc_norm_stderr": 0.03332139944668086
    },
    "hendrycksTest-high_school_world_history": {
      "acc": 0.6666666666666666,
      "acc_stderr": 0.030685820596610805,
      "acc_norm": 0.6666666666666666,
      "acc_norm_stderr": 0.030685820596610805
    },
    "hendrycksTest-marketing": {
      "acc": 0.7307692307692307,
      "acc_stderr": 0.029058588303748845,
      "acc_norm": 0.7307692307692307,
      "acc_norm_stderr": 0.029058588303748845
    },
    "hendrycksTest-high_school_government_and_politics": {
      "acc": 0.6217616580310881,
      "acc_stderr": 0.03499807276193337,
      "acc_norm": 0.6217616580310881,