{
  "results": {
    "hendrycksTest-virology": {
      "acc": 0.41566265060240964,
      "acc_stderr": 0.03836722176598053,
      "acc_norm": 0.41566265060240964,
      "acc_norm_stderr": 0.03836722176598053
    },
    "hendrycksTest-college_chemistry": {
      "acc": 0.28,
      "acc_stderr": 0.04512608598542126,
      "acc_norm": 0.28,
      "acc_norm_stderr": 0.04512608598542126
    },
    "hellaswag": {
      "acc": 0.5649273053176658,
      "acc_stderr": 0.004947533158712099,
      "acc_norm": 0.73770165305716,
      "acc_norm_stderr": 0.0043898499070403095
    },
    "hendrycksTest-jurisprudence": {
      "acc": 0.5277777777777778,
      "acc_stderr": 0.048262172941398944,
      "acc_norm": 0.5277777777777778,
      "acc_norm_stderr": 0.048262172941398944
    },
    "hendrycksTest-miscellaneous": {
      "acc": 0.6896551724137931,
      "acc_stderr": 0.016543785026048304,
      "acc_norm": 0.6896551724137931,
      "acc_norm_stderr": 0.016543785026048304
    },
    "hendrycksTest-high_school_computer_science": {
      "acc": 0.45,
      "acc_stderr": 0.05,
      "acc_norm": 0.45,
      "acc_norm_stderr": 0.05
    },
    "hendrycksTest-professional_medicine": {
      "acc": 0.49264705882352944,
      "acc_stderr": 0.030369552523902173,
      "acc_norm": 0.49264705882352944,
      "acc_norm_stderr": 0.030369552523902173
    },
    "hendrycksTest-electrical_engineering": {
      "acc": 0.4827586206896552,
      "acc_stderr": 0.04164188720169377,
      "acc_norm": 0.4827586206896552,
      "acc_norm_stderr": 0.04164188720169377
    },
    "hendrycksTest-human_aging": {
      "acc": 0.5829596412556054,
      "acc_stderr": 0.03309266936071721,
      "acc_norm": 0.5829596412556054,
      "acc_norm_stderr": 0.03309266936071721
    },
    "hendrycksTest-us_foreign_policy": {
      "acc": 0.71,
      "acc_stderr": 0.045604802157206845,
      "acc_norm": 0.71,
      "acc_norm_stderr": 0.045604802157206845
    },
    "hendrycksTest-high_school_european_history": {
      "acc": 0.6484848484848484,
      "acc_stderr": 0.037282069986826503,
      "acc_norm": 0.6484848484848484,
      "acc_norm_stderr": 0.037282069986826503
    },
    "hendrycksTest-marketing": {
      "acc": 0.7863247863247863,
      "acc_stderr": 0.026853450377009154,
      "acc_norm": 0.7863247863247863,
      "acc_norm_stderr": 0.026853450377009154
    },
    "hendrycksTest-prehistory": {
      "acc": 0.5092592592592593,
      "acc_stderr": 0.027815973433878014,
      "acc_norm": 0.5092592592592593,
      "acc_norm_stderr": 0.027815973433878014
    },
    "hendrycksTest-world_religions": {
      "acc": 0.7192982456140351,
      "acc_stderr": 0.034462962170884265,
      "acc_norm": 0.7192982456140351,
      "acc_norm_stderr": 0.034462962170884265
    },
    "hendrycksTest-public_relations": {
      "acc": 0.5636363636363636,
      "acc_stderr": 0.04750185058907297,
      "acc_norm": 0.5636363636363636,
      "acc_norm_stderr": 0.04750185058907297
    },
    "hendrycksTest-high_school_biology": {
      "acc": 0.567741935483871,
      "acc_stderr": 0.028181739720019416,
      "acc_norm": 0.567741935483871,
      "acc_norm_stderr": 0.028181739720019416
    },
    "hendrycksTest-high_school_us_history": {
      "acc": 0.6911764705882353,
      "acc_stderr": 0.032426617198272174,
      "acc_norm": 0.6911764705882353,
      "acc_norm_stderr": 0.032426617198272174
    },
    "hendrycksTest-high_school_government_and_politics": {
      "acc": 0.6735751295336787,
      "acc_stderr": 0.033840286211432945,
      "acc_norm": 0.6735751295336787,
      "acc_norm_stderr": 0.033840286211432945
    },
    "hendrycksTest-formal_logic": {
      "acc": 0.2777777777777778,
      "acc_stderr": 0.040061680838488774,
      "acc_norm": 0.2777777777777778,
      "acc_norm_stderr": 0.040061680838488774
    },
    "hendrycksTest-college_physics": {
      "acc": 0.20588235294117646,
      "acc_stderr": 0.04023382273617747,
      "acc_norm": 0.20588235294117646,
      "acc_norm_stderr": 0.04023382273617747
    },
    "hendrycksTest-abstract_algebra": {
      "acc": 0.32,
      "acc_stderr": 0.046882617226215034,
      "acc_norm": 0.32,
      "acc_norm_stderr": 0.046882617226215034
    },
    "hendrycksTest-philosophy": {
      "acc": 0.572347266881029,
      "acc_stderr": 0.02809924077580956,
      "acc_norm": 0.572347266881029,
      "acc_norm_stderr": 0.02809924077580956
    },
    "hendrycksTest-econometrics": {
      "acc": 0.22807017543859648,
      "acc_stderr": 0.03947152782669415,
      "acc_norm": 0.22807017543859648,
      "acc_norm_stderr": 0.03947152782669415
    },
    "hendrycksTest-computer_security": {
      "acc": 0.62,
      "acc_stderr": 0.048783173121456316,
      "acc_norm": 0.62,
      "acc_norm_stderr": 0.048783173121456316
    },
    "hendrycksTest-high_school_macroeconomics": {
      "acc": 0.46923076923076923,
      "acc_stderr": 0.025302958890850154,
      "acc_norm": 0.46923076923076923,
      "acc_norm_stderr": 0.025302958890850154
    },
    "hendrycksTest-high_school_world_history": {
      "acc": 0.6666666666666666,
      "acc_stderr": 0.0306858205966108,
      "acc_norm": 0.6666666666666666,
      "acc_norm_stderr": 0.0306858205966108
    },
    "hendrycksTest-college_computer_science": {
      "acc": 0.42,
      "acc_stderr": 0.04960449637488584,
      "acc_norm": 0.42,
      "acc_norm_stderr": 0.04960449637488584
    },
    "hendrycksTest-clinical_knowledge": {
      "acc": 0.5471698113207547,
      "acc_stderr": 0.03063562795796182,
      "acc_norm": 0.5471698113207547,
      "acc_norm_stderr": 0.03063562795796182
    },
    "hendrycksTest-anatomy": {
      "acc": 0.45185185185185184,
      "acc_stderr": 0.04299268905480864,
      "acc_norm": 0.45185185185185184,
      "acc_norm_stderr": 0.04299268905480864
    },
    "hendrycksTest-high_school_physics": {
      "acc": 0.2980132450331126,
      "acc_stderr": 0.03734535676787198,
      "acc_norm": 0.2980132450331126,
      "acc_norm_stderr": 0.03734535676787198
    },
    "hendrycksTest-machine_learning": {
      "acc": 0.4107142857142857,
      "acc_stderr": 0.04669510663875191,
      "acc_norm": 0.4107142857142857,
      "acc_norm_stderr": 0.04669510663875191
    },
    "hendrycksTest-medical_genetics": {
      "acc": 0.53,
      "acc_stderr": 0.05016135580465919,
      "acc_norm": 0.53,
      "acc_norm_stderr": 0.05016135580465919
    },
    "hendrycksTest-high_school_geography": {
      "acc": 0.5858585858585859,
      "acc_stderr": 0.03509438348879629,
      "acc_norm": 0.5858585858585859,
      "acc_norm_stderr": 0.03509438348879629
    },
    "hendrycksTest-professional_accounting": {
      "acc": 0.3971631205673759,
      "acc_stderr": 0.0291898056735871,
      "acc_norm": 0.3971631205673759,
      "acc_norm_stderr": 0.0291898056735871
    },
    "hendrycksTest-nutrition": {
      "acc": 0.5032679738562091,
      "acc_stderr": 0.02862930519400354,
      "acc_norm": 0.5032679738562091,
      "acc_norm_stderr": 0.02862930519400354
    },
    "truthfulqa_mc": {
      "mc1": 0.3329253365973072,
      "mc1_stderr": 0.016497402382012052,
      "mc2": 0.5039710774406772,
      "mc2_stderr": 0.015633180204076506
    },
    "hendrycksTest-sociology": {
      "acc": 0.7263681592039801,
      "acc_stderr": 0.03152439186555402,
      "acc_norm": 0.7263681592039801,
      "acc_norm_stderr": 0.03152439186555402
    },
    "hendrycksTest-moral_scenarios": {
      "acc": 0.2446927374301676,
      "acc_stderr": 0.014378169884098416,
      "acc_norm": 0.2446927374301676,
      "acc_norm_stderr": 0.014378169884098416
    },
    "hendrycksTest-management": {
      "acc": 0.6407766990291263,
      "acc_stderr": 0.04750458399041696,
      "acc_norm": 0.6407766990291263,