{
  "results": {
    "hendrycksTest-nutrition": {
      "acc": 0.22549019607843138,
      "acc_stderr": 0.023929155517351284,
      "acc_norm": 0.22549019607843138,
      "acc_norm_stderr": 0.023929155517351284
    },
    "hendrycksTest-astronomy": {
      "acc": 0.18421052631578946,
      "acc_stderr": 0.0315469804508223,
      "acc_norm": 0.18421052631578946,
      "acc_norm_stderr": 0.0315469804508223
    },
    "hellaswag": {
      "acc": 0.33718382792272455,
      "acc_stderr": 0.004717820714968744,
      "acc_norm": 0.41206930890260907,
      "acc_norm_stderr": 0.0049120153691600745
    },
    "hendrycksTest-college_mathematics": {
      "acc": 0.23,
      "acc_stderr": 0.04229525846816506,
      "acc_norm": 0.23,
      "acc_norm_stderr": 0.04229525846816506
    },
    "hendrycksTest-high_school_world_history": {
      "acc": 0.26582278481012656,
      "acc_stderr": 0.02875679962965834,
      "acc_norm": 0.26582278481012656,
      "acc_norm_stderr": 0.02875679962965834
    },
    "hendrycksTest-us_foreign_policy": {
      "acc": 0.27,
      "acc_stderr": 0.0446196043338474,
      "acc_norm": 0.27,
      "acc_norm_stderr": 0.0446196043338474
    },
    "hendrycksTest-college_computer_science": {
      "acc": 0.22,
      "acc_stderr": 0.041633319989322695,
      "acc_norm": 0.22,
      "acc_norm_stderr": 0.041633319989322695
    },
    "truthfulqa_mc": {
      "mc1": 0.22643818849449204,
      "mc1_stderr": 0.014651337324602574,
      "mc2": 0.41387414195382216,
      "mc2_stderr": 0.014652095639419443
    },
    "hendrycksTest-medical_genetics": {
      "acc": 0.29,
      "acc_stderr": 0.04560480215720684,
      "acc_norm": 0.29,
      "acc_norm_stderr": 0.04560480215720684
    },
    "hendrycksTest-prehistory": {
      "acc": 0.21604938271604937,
      "acc_stderr": 0.02289916291844581,
      "acc_norm": 0.21604938271604937,
      "acc_norm_stderr": 0.02289916291844581
    },
    "hendrycksTest-abstract_algebra": {
      "acc": 0.22,
      "acc_stderr": 0.041633319989322674,
      "acc_norm": 0.22,
      "acc_norm_stderr": 0.041633319989322674
    },
    "arc_challenge": {
      "acc": 0.18771331058020477,
      "acc_stderr": 0.011411001314155131,
      "acc_norm": 0.23976109215017063,
      "acc_norm_stderr": 0.012476304127453944
    },
    "hendrycksTest-moral_scenarios": {
      "acc": 0.24581005586592178,
      "acc_stderr": 0.014400296429225624,
      "acc_norm": 0.24581005586592178,
      "acc_norm_stderr": 0.014400296429225624
    },
    "hendrycksTest-high_school_psychology": {
      "acc": 0.21284403669724772,
      "acc_stderr": 0.017549376389313694,
      "acc_norm": 0.21284403669724772,
      "acc_norm_stderr": 0.017549376389313694
    },
    "hendrycksTest-econometrics": {
      "acc": 0.23684210526315788,
      "acc_stderr": 0.03999423879281337,
      "acc_norm": 0.23684210526315788,
      "acc_norm_stderr": 0.03999423879281337
    },
    "hendrycksTest-college_physics": {
      "acc": 0.20588235294117646,
      "acc_stderr": 0.04023382273617746,
      "acc_norm": 0.20588235294117646,
      "acc_norm_stderr": 0.04023382273617746
    },
    "hendrycksTest-computer_security": {
      "acc": 0.32,
      "acc_stderr": 0.046882617226215034,
      "acc_norm": 0.32,
      "acc_norm_stderr": 0.046882617226215034
    },
    "hendrycksTest-marketing": {
      "acc": 0.2948717948717949,
      "acc_stderr": 0.029872577708891155,
      "acc_norm": 0.2948717948717949,
      "acc_norm_stderr": 0.029872577708891155
    },
    "hendrycksTest-high_school_physics": {
      "acc": 0.2052980132450331,
      "acc_stderr": 0.03297986648473835,
      "acc_norm": 0.2052980132450331,
      "acc_norm_stderr": 0.03297986648473835
    },
    "hendrycksTest-high_school_government_and_politics": {
      "acc": 0.20207253886010362,
      "acc_stderr": 0.02897908979429673,
      "acc_norm": 0.20207253886010362,
      "acc_norm_stderr": 0.02897908979429673
    },
    "hendrycksTest-miscellaneous": {
      "acc": 0.25798212005108556,
      "acc_stderr": 0.01564583018834895,
      "acc_norm": 0.25798212005108556,
      "acc_norm_stderr": 0.01564583018834895
    },
    "hendrycksTest-formal_logic": {
      "acc": 0.23015873015873015,
      "acc_stderr": 0.03764950879790607,
      "acc_norm": 0.23015873015873015,
      "acc_norm_stderr": 0.03764950879790607
    },
    "hendrycksTest-security_studies": {
      "acc": 0.19183673469387755,
      "acc_stderr": 0.025206963154225395,
      "acc_norm": 0.19183673469387755,
      "acc_norm_stderr": 0.025206963154225395
    },
    "hendrycksTest-philosophy": {
      "acc": 0.1864951768488746,
      "acc_stderr": 0.022122439772480768,
      "acc_norm": 0.1864951768488746,
      "acc_norm_stderr": 0.022122439772480768
    },
    "hendrycksTest-sociology": {
      "acc": 0.23880597014925373,
      "acc_stderr": 0.030147775935409217,
      "acc_norm": 0.23880597014925373,
      "acc_norm_stderr": 0.030147775935409217
    },
    "hendrycksTest-high_school_macroeconomics": {
      "acc": 0.2,
      "acc_stderr": 0.020280805062535722,
      "acc_norm": 0.2,
      "acc_norm_stderr": 0.020280805062535722
    },
    "hendrycksTest-high_school_computer_science": {
      "acc": 0.26,
      "acc_stderr": 0.0440844002276808,
      "acc_norm": 0.26,
      "acc_norm_stderr": 0.0440844002276808
    },
    "hendrycksTest-high_school_european_history": {
      "acc": 0.20606060606060606,
      "acc_stderr": 0.031584153240477086,
      "acc_norm": 0.20606060606060606,
      "acc_norm_stderr": 0.031584153240477086
    },
    "hendrycksTest-college_medicine": {
      "acc": 0.1907514450867052,
      "acc_stderr": 0.029957851329869337,
      "acc_norm": 0.1907514450867052,
      "acc_norm_stderr": 0.029957851329869337
    },
    "hendrycksTest-high_school_us_history": {
      "acc": 0.25980392156862747,
      "acc_stderr": 0.030778554678693254,
      "acc_norm": 0.25980392156862747,
      "acc_norm_stderr": 0.030778554678693254
    },
    "hendrycksTest-virology": {
      "acc": 0.25903614457831325,
      "acc_stderr": 0.03410646614071857,
      "acc_norm": 0.25903614457831325,
      "acc_norm_stderr": 0.03410646614071857
    },
    "hendrycksTest-conceptual_physics": {
      "acc": 0.2723404255319149,
      "acc_stderr": 0.029101290698386705,
      "acc_norm": 0.2723404255319149,
      "acc_norm_stderr": 0.029101290698386705
    },
    "hendrycksTest-professional_psychology": {
      "acc": 0.2581699346405229,
      "acc_stderr": 0.01770453165325007,
      "acc_norm": 0.2581699346405229,
      "acc_norm_stderr": 0.01770453165325007
    },
    "hendrycksTest-high_school_biology": {
      "acc": 0.2064516129032258,
      "acc_stderr": 0.023025899617188712,
      "acc_norm": 0.2064516129032258,
      "acc_norm_stderr": 0.023025899617188712
    },
    "hendrycksTest-high_school_microeconomics": {
      "acc": 0.22268907563025211,
      "acc_stderr": 0.02702543349888239,
      "acc_norm": 0.22268907563025211,
      "acc_norm_stderr": 0.02702543349888239
    },
    "hendrycksTest-jurisprudence": {
      "acc": 0.26851851851851855,
      "acc_stderr": 0.04284467968052192,
      "acc_norm": 0.26851851851851855,
      "acc_norm_stderr": 0.04284467968052192
    },
    "hendrycksTest-electrical_engineering": {
      "acc": 0.23448275862068965,
      "acc_stderr": 0.035306258743465914,
      "acc_norm": 0.23448275862068965,
      "acc_norm_stderr": 0.035306258743465914
    },
    "hendrycksTest-international_law": {
      "acc": 0.2396694214876033,
      "acc_stderr": 0.03896878985070417,
      "acc_norm": 0.2396694214876033,
      "acc_norm_stderr": 0.03896878985070417
    },
    "hendrycksTest-public_relations": {
      "acc": 0.2545454545454545,
      "acc_stderr": 0.041723430387053825,
      "acc_norm": 0.2545454545454545,